timestamp,keyword,traffic,category
2026-01-03 12:11:50,new year's day,500万+ 次搜索,其他
2026-01-03 12:11:50,new year's eve,500万+ 次搜索,其他
2026-01-03 12:11:50,ole miss vs georgia,200万+ 次搜索,其他
2026-01-03 12:11:50,alabama vs indiana,200万+ 次搜索,其他
2026-01-03 12:11:50,brigitte bardot,100万+ 次搜索,其他
2026-01-03 12:11:50,tatiana schlossberg,50万+ 次搜索,其他
2026-01-03 12:11:50,jodi hildebrandt,10万+ 次搜索,其他
2026-01-03 12:11:50,full moon january 2026,20万+ 次搜索,其他
2026-01-03 12:11:50,iran,20万+ 次搜索,其他
2026-01-03 12:11:50,winter classic 2026,20万+ 次搜索,其他
2026-01-03 12:11:50,alix earle,50万+ 次搜索,其他
2026-01-03 12:11:50,minnesota fraud,50万+ 次搜索,其他
2026-01-03 12:11:50,anthony joshua car crash,20万+ 次搜索,其他
2026-01-03 12:11:50,wake forest vs ms state,10万+ 次搜索,其他
2026-01-03 12:11:50,arizona vs smu,10万+ 次搜索,其他
2026-01-03 12:11:50,mtv,20万+ 次搜索,其他
2026-01-03 12:11:50,thunder vs warriors,5万+ 次搜索,其他
2026-01-03 12:11:50,trevon diggs,20万+ 次搜索,其他
2026-01-03 12:11:50,mamdani,20万+ 次搜索,其他
2026-01-03 12:11:50,camila mendoza olmos,20万+ 次搜索,其他
2026-01-03 12:11:50,grizzlies vs lakers,2万+ 次搜索,其他
2026-01-03 12:11:50,stranger things spinoff,20万+ 次搜索,其他
2026-01-03 12:11:50,did eleven die in stranger things,200万+ 次搜索,其他
2026-01-03 12:11:50,swiss ski resort explosion,20万+ 次搜索,其他
2026-01-03 12:11:50,piper rockelle,5万+ 次搜索,其他
2026-01-03 12:12:52,new year's eve,500万+ 次搜索,其他
2026-01-03 12:12:52,new year's day,500万+ 次搜索,其他
2026-01-03 12:12:52,ole miss vs georgia,200万+ 次搜索,其他
2026-01-03 12:12:52,brigitte bardot,100万+ 次搜索,其他
2026-01-03 12:12:52,alabama vs indiana,200万+ 次搜索,其他
2026-01-03 12:12:52,tatiana schlossberg,50万+ 次搜索,其他
2026-01-03 12:12:52,jodi hildebrandt,10万+ 次搜索,其他
2026-01-03 12:12:52,full moon january 2026,20万+ 次搜索,其他
2026-01-03 12:12:52,iran,20万+ 次搜索,其他
2026-01-03 12:12:52,winter classic 2026,20万+ 次搜索,其他
2026-01-03 12:12:52,minnesota fraud,50万+ 次搜索,其他
2026-01-03 12:12:52,alix earle,50万+ 次搜索,其他
2026-01-03 12:12:52,wake forest vs ms state,10万+ 次搜索,其他
2026-01-03 12:12:52,anthony joshua car crash,20万+ 次搜索,其他
2026-01-03 12:12:52,arizona vs smu,10万+ 次搜索,其他
2026-01-03 12:12:52,mtv,20万+ 次搜索,其他
2026-01-03 12:12:52,thunder vs warriors,5万+ 次搜索,其他
2026-01-03 12:12:52,trevon diggs,20万+ 次搜索,其他
2026-01-03 12:12:52,mamdani,20万+ 次搜索,其他
2026-01-03 12:12:52,grizzlies vs lakers,5万+ 次搜索,其他
2026-01-03 12:12:52,did eleven die in stranger things,200万+ 次搜索,其他
2026-01-03 12:12:52,stranger things spinoff,20万+ 次搜索,其他
2026-01-03 12:12:52,camila mendoza olmos,20万+ 次搜索,其他
2026-01-03 12:12:52,swiss ski resort explosion,20万+ 次搜索,其他
2026-01-03 12:12:52,nebraska basketball,5万+ 次搜索,其他
2026-01-03 12:14:03,new year's eve,500万+ 次搜索,其他
2026-01-03 12:14:03,new year's day,500万+ 次搜索,其他
2026-01-03 12:14:03,ole miss vs georgia,200万+ 次搜索,其他
2026-01-03 12:14:03,brigitte bardot,100万+ 次搜索,其他
2026-01-03 12:14:03,alabama vs indiana,200万+ 次搜索,其他
2026-01-03 12:14:03,tatiana schlossberg,50万+ 次搜索,其他
2026-01-03 12:14:03,jodi hildebrandt,10万+ 次搜索,其他
2026-01-03 12:14:03,full moon january 2026,20万+ 次搜索,其他
2026-01-03 12:14:03,iran,20万+ 次搜索,其他
2026-01-03 12:14:03,winter classic 2026,20万+ 次搜索,其他
2026-01-03 12:14:03,minnesota fraud,50万+ 次搜索,其他
2026-01-03 12:14:03,alix earle,50万+ 次搜索,其他
2026-01-03 12:14:03,wake forest vs ms state,10万+ 次搜索,其他
2026-01-03 12:14:03,anthony joshua car crash,20万+ 次搜索,其他
2026-01-03 12:14:03,arizona vs smu,10万+ 次搜索,其他
2026-01-03 12:14:03,mtv,20万+ 次搜索,其他
2026-01-03 12:14:03,thunder vs warriors,5万+ 次搜索,其他
2026-01-03 12:14:03,trevon diggs,20万+ 次搜索,其他
2026-01-03 12:14:03,mamdani,20万+ 次搜索,其他
2026-01-03 12:14:03,grizzlies vs lakers,5万+ 次搜索,其他
2026-01-03 12:14:03,did eleven die in stranger things,200万+ 次搜索,其他
2026-01-03 12:14:03,stranger things spinoff,20万+ 次搜索,其他
2026-01-03 12:14:03,camila mendoza olmos,20万+ 次搜索,其他
2026-01-03 12:14:03,swiss ski resort explosion,20万+ 次搜索,其他
2026-01-03 12:14:03,nebraska basketball,5万+ 次搜索,其他
